ZTFID,IAUID,RA,Dec,peakt,peakfilt,peakmag,peakabs,duration,rise,fade,type,redshift,b,A_V,host_redshift
ZTF19aaagfme,SN2022okv,23:19:48.11,+07:06:02.2,1773.96,r,17.9917,-18.96,28.221,8.577,19.644,SN Ia,0.055,54.53572324,0.072,0.055
ZTF19aaairqh,SN2019bp,06:22:21.88,+29:19:22.3,505.63,r,16.8079,-18.79,25.124,15.96,9.164,SN Ia,0.022,7.18881965,0.857,0.022
ZTF19aaarhtg,SN2020pki,21:12:24.30,+13:00:17.1,1051.88,r,18.0567,-17.56,18.006,11.999,6.007,SN Ia,0.028,-23.43848728,0.248,0.028
ZTF19aabmybj,SN2019on,08:59:45.94,+47:49:34.0,503.01,r,17.111,-19.14,24.49,9.229,15.261,SN Ia,0.04,40.94231765,0.067,0.04
ZTF19aabvfwn,SN2019jf,08:36:14.79,-05:21:02.1,506.96,g,17.6411,-18.76,30.175,13.167,17.008,SN Ia,0.04138,20.40979397,0.11,0.041382
ZTF19aabyheu,SN2019kf,10:27:17.43,+26:31:59.1,510.78,r,16.1883,-18.66,23.911,14.24,9.671,SN Ia,0.021,57.94886311,0.072,0.021
ZTF19aabyppp,SN2019kg,11:42:45.74,+21:42:53.3,511.88,r,16.6968,-19.38,22.859,11.548,11.311,SN Ia,0.037,73.47491523,0.062,0.037
ZTF19aabyuze,SN2019ro,11:59:34.01,+57:19:43.6,509.04,g,16.7019,-19.73,23.899,10.804,13.095,SN Ia,0.043,58.43192758,0.069,0.043
ZTF19aacgslb,SN2019np,10:29:21.97,+29:30:38.3,508.01,g,13.4112,-18.09,23.874,6.023,17.851,SN Ia,0.00452,58.76230866,0.055,0.00452
